{"cameraMode":{"drawMode":0,"name":"Shaded","section":"Shading Mode"},"sceneLighting":true,"audioPlay":false,"sceneViewState":{"showFog":true,"showMaterialUpdate":false,"showSkybox":true,"showFlares":true,"showImageEffects":true,"showParticleSystems":true},"in2DMode":false,"pivot":{"x":-31.81160545349121,"y":15.378223419189454,"z":-24.471099853515626},"rotation":{"x":0.17962783575057984,"y":-0.2927654981613159,"z":0.0560915507376194,"w":0.9374913573265076},"size":5.912025451660156,"orthographic":false}